Workbook

Sheet Read Me
A1: Quant Trading Tracker — cee
A4: How this workbook works
A5: 1. Settings tab | B5: Set your starting capital, monthly contribution, risk %, reward:risk, and the ₱100,000 monthly target. Blue cells are the only ones you change.
A6: 2. Trade Log tab | B6: Each end-of-day (EOD), add one row per trade. Enter the date, session, platform, ticker, prices, position size, risk, and realized P/L. Everything else auto-calculates.
A7: 3. Monthly Dashboard tab | B7: Reads the Trade Log automatically. Shows tradable capital, the 50% reinvested / 50% secured split, % to the ₱100k target, and a feasibility flag — per month, for 6 months.
A8: 4. Reality Check tab | B8: Shows what monthly return your capital must earn to produce ₱100k, and projects realistic growth so you can see the gap and adjust the plan honestly.
A10: Colour code
A11: Blue text | B11: Inputs you type.
A12: Black text | B12: Formulas — do not overwrite.
A13: Green text | B13: Pulls a value from another tab.
A14: Yellow fill | B14: Key assumption to keep current.
A16: Golden rules
A17: Risk | B17: Never risk more than 2% of the portfolio on one trade. Reward:risk must be at least 1:2.
A18: Circuit-breaker | B18: Stop for the day at −4% realized. Cut size to 0.5% after a 10% weekly drawdown.
A19: Execution | B19: This advisor analyses and sizes; you place every order yourself.

Sheet Settings
A1: Settings — edit blue cells only
A3: Parameter | B3: Value | C3: Unit / Note
A4: Starting capital (already in account) | B4: 0 | C4: PHP — set 0 if your first ₱10k contribution is month 1
A5: Monthly capital contribution | B5: 10000 | C5: PHP, added at the start of each month
A6: Reinvest share of profit | B6: 0.5 | C6: % of realized profit recycled into capital
A7: Secure share of profit | B7: =1-B6 -> 0.5 | C7: % of realized profit moved to the safe bucket
A8: Max risk per trade | B8: 0.02 | C8: % of portfolio (use 0.01 in choppy regimes)
A9: Minimum reward : risk | B9: 2 | C9: x — target must be ≥ 2× the risk
A10: Monthly net-profit target | B10: 100000 | C10: PHP — the goal
A11: Program start month | B11: =DATE(2026,6,1) -> 46174 | C11: first month of the 6-month ramp
A12: PHP per 1 USD (FX ref.) | B12: 56 | C12: for sizing GoTrade / USD trades

Sheet Trade Log
A1: Trade Log — add one row per EOD trade
A3: Date | B3: Month | C3: Session | D3: Platform | E3: Ticker | F3: Action | G3: Entry | H3: Stop | I3: Take-Profit | J3: Size (units) | K3: Risk ₱ | L3: Risk % | M3: Realized P/L ₱ | N3: R multiple | O3: Cumulative P/L ₱ | P3: Notes
A4: =DATE(2026,6,19) -> 46192 | B4: =IF($A4="","",TEXT($A4,"YYYY-MM")) -> 2026-06 | C4: US | D4: GoTrade | E4: VOO | F4: Buy | G4: 512.4 | H4: 506 | I4: 525.2 | J4: 0.9 | K4: 300 | L4: =IF($A4="","",$K4/(Settings!$B$4+Settings!$B$5+SUM($M$3:$M3))) -> 0.03 | M4: 540 | N4: =IF(OR($A4="",$K4=0),"",$M4/$K4) -> 1.8 | O4: =IF($A4="","",SUM($M$4:$M4)) -> 540 | P4: example — delete me
B5: =IF($A5="","",TEXT($A5,"YYYY-MM")) | L5: =IF($A5="","",$K5/(Settings!$B$4+Settings!$B$5+SUM($M$3:$M4))) | N5: =IF(OR($A5="",$K5=0),"",$M5/$K5) | O5: =IF($A5="","",SUM($M$4:$M5))
B6: =IF($A6="","",TEXT($A6,"YYYY-MM")) | L6: =IF($A6="","",$K6/(Settings!$B$4+Settings!$B$5+SUM($M$3:$M5))) | N6: =IF(OR($A6="",$K6=0),"",$M6/$K6) | O6: =IF($A6="","",SUM($M$4:$M6))
B7: =IF($A7="","",TEXT($A7,"YYYY-MM")) | L7: =IF($A7="","",$K7/(Settings!$B$4+Settings!$B$5+SUM($M$3:$M6))) | N7: =IF(OR($A7="",$K7=0),"",$M7/$K7) | O7: =IF($A7="","",SUM($M$4:$M7))
B8: =IF($A8="","",TEXT($A8,"YYYY-MM")) | L8: =IF($A8="","",$K8/(Settings!$B$4+Settings!$B$5+SUM($M$3:$M7))) | N8: =IF(OR($A8="",$K8=0),"",$M8/$K8) | O8: =IF($A8="","",SUM($M$4:$M8))
B9: =IF($A9="","",TEXT($A9,"YYYY-MM")) | L9: =IF($A9="","",$K9/(Settings!$B$4+Settings!$B$5+SUM($M$3:$M8))) | N9: =IF(OR($A9="",$K9=0),"",$M9/$K9) | O9: =IF($A9="","",SUM($M$4:$M9))
B10: =IF($A10="","",TEXT($A10,"YYYY-MM")) | L10: =IF($A10="","",$K10/(Settings!$B$4+Settings!$B$5+SUM($M$3:$M9))) | N10: =IF(OR($A10="",$K10=0),"",$M10/$K10) | O10: =IF($A10="","",SUM($M$4:$M10))
B11: =IF($A11="","",TEXT($A11,"YYYY-MM")) | L11: =IF($A11="","",$K11/(Settings!$B$4+Settings!$B$5+SUM($M$3:$M10))) | N11: =IF(OR($A11="",$K11=0),"",$M11/$K11) | O11: =IF($A11="","",SUM($M$4:$M11))
B12: =IF($A12="","",TEXT($A12,"YYYY-MM")) | L12: =IF($A12="","",$K12/(Settings!$B$4+Settings!$B$5+SUM($M$3:$M11))) | N12: =IF(OR($A12="",$K12=0),"",$M12/$K12) | O12: =IF($A12="","",SUM($M$4:$M12))
B13: =IF($A13="","",TEXT($A13,"YYYY-MM")) | L13: =IF($A13="","",$K13/(Settings!$B$4+Settings!$B$5+SUM($M$3:$M12))) | N13: =IF(OR($A13="",$K13=0),"",$M13/$K13) | O13: =IF($A13="","",SUM($M$4:$M13))
B14: =IF($A14="","",TEXT($A14,"YYYY-MM")) | L14: =IF($A14="","",$K14/(Settings!$B$4+Settings!$B$5+SUM($M$3:$M13))) | N14: =IF(OR($A14="",$K14=0),"",$M14/$K14) | O14: =IF($A14="","",SUM($M$4:$M14))
B15: =IF($A15="","",TEXT($A15,"YYYY-MM")) | L15: =IF($A15="","",$K15/(Settings!$B$4+Settings!$B$5+SUM($M$3:$M14))) | N15: =IF(OR($A15="",$K15=0),"",$M15/$K15) | O15: =IF($A15="","",SUM($M$4:$M15))
B16: =IF($A16="","",TEXT($A16,"YYYY-MM")) | L16: =IF($A16="","",$K16/(Settings!$B$4+Settings!$B$5+SUM($M$3:$M15))) | N16: =IF(OR($A16="",$K16=0),"",$M16/$K16) | O16: =IF($A16="","",SUM($M$4:$M16))
... B253: =IF($A253="","",TEXT($A253,"YYYY-MM")) | L253: =IF($A253="","",$K253/(Settings!$B$4+Settings!$B$5+SUM($M$3:$M252))) | N253: =IF(OR($A253="",$K253=0),"",$M253/$K253) | O253: =IF($A253="","",SUM($M$4:$M253))

Sheet Monthly Dashboard
A1: Monthly Dashboard — 6-month ramp to ₱100,000 / month
A3: Month # | B3: Month | C3: Start Tradable ₱ | D3: + Contribution ₱ | E3: Deployed Capital ₱ | F3: Realized P/L ₱ | G3: Reinvested 50% ₱ | H3: Secured 50% ₱ | I3: End Tradable ₱ | J3: Cumulative Secured ₱ | K3: Target ₱ | L3: % to Target | M3: Req. Monthly Return | N3: Feasibility
A4: 1 | B4: =EDATE(Settings!$B$11,0) -> 46174 | C4: =Settings!$B$4 -> 0 | D4: =Settings!$B$5 -> 10000 | E4: =C4+D4 -> 10000 | F4: =SUMIFS('Trade Log'!$M:$M,'Trade Log'!$B:$B,TEXT(B4,"YYYY-MM")) -> 540 | G4: =IF(F4>=0,Settings!$B$6*F4,F4) -> 270 | H4: =IF(F4>=0,Settings!$B$7*F4,0) -> 270 | I4: =E4+G4 -> 10270 | J4: =H4 -> 270 | K4: =Settings!$B$10 -> 100000 | L4: =IF(K4=0,"",F4/K4) -> 0.0054 | M4: =IF(E4=0,"",K4/E4) -> 10 | N4: =IF(E4=0,"",IF(K4/E4>1,"Unrealistic",IF(K4/E4>0.2,"Very aggressive","Plausible"))) -> Unrealistic
A5: 2 | B5: =EDATE(Settings!$B$11,1) -> 46204 | C5: =I4 -> 10270 | D5: =Settings!$B$5 -> 10000 | E5: =C5+D5 -> 20270 | F5: =SUMIFS('Trade Log'!$M:$M,'Trade Log'!$B:$B,TEXT(B5,"YYYY-MM")) -> 0 | G5: =IF(F5>=0,Settings!$B$6*F5,F5) -> 0 | H5: =IF(F5>=0,Settings!$B$7*F5,0) -> 0 | I5: =E5+G5 -> 20270 | J5: =J4+H5 -> 270 | K5: =Settings!$B$10 -> 100000 | L5: =IF(K5=0,"",F5/K5) -> 0 | M5: =IF(E5=0,"",K5/E5) -> 4.9333991 | N5: =IF(E5=0,"",IF(K5/E5>1,"Unrealistic",IF(K5/E5>0.2,"Very aggressive","Plausible"))) -> Unrealistic
A6: 3 | B6: =EDATE(Settings!$B$11,2) -> 46235 | C6: =I5 -> 20270 | D6: =Settings!$B$5 -> 10000 | E6: =C6+D6 -> 30270 | F6: =SUMIFS('Trade Log'!$M:$M,'Trade Log'!$B:$B,TEXT(B6,"YYYY-MM")) -> 0 | G6: =IF(F6>=0,Settings!$B$6*F6,F6) -> 0 | H6: =IF(F6>=0,Settings!$B$7*F6,0) -> 0 | I6: =E6+G6 -> 30270 | J6: =J5+H6 -> 270 | K6: =Settings!$B$10 -> 100000 | L6: =IF(K6=0,"",F6/K6) -> 0 | M6: =IF(E6=0,"",K6/E6) -> 3.3036009 | N6: =IF(E6=0,"",IF(K6/E6>1,"Unrealistic",IF(K6/E6>0.2,"Very aggressive","Plausible"))) -> Unrealistic
A7: 4 | B7: =EDATE(Settings!$B$11,3) -> 46266 | C7: =I6 -> 30270 | D7: =Settings!$B$5 -> 10000 | E7: =C7+D7 -> 40270 | F7: =SUMIFS('Trade Log'!$M:$M,'Trade Log'!$B:$B,TEXT(B7,"YYYY-MM")) -> 0 | G7: =IF(F7>=0,Settings!$B$6*F7,F7) -> 0 | H7: =IF(F7>=0,Settings!$B$7*F7,0) -> 0 | I7: =E7+G7 -> 40270 | J7: =J6+H7 -> 270 | K7: =Settings!$B$10 -> 100000 | L7: =IF(K7=0,"",F7/K7) -> 0 | M7: =IF(E7=0,"",K7/E7) -> 2.4832381 | N7: =IF(E7=0,"",IF(K7/E7>1,"Unrealistic",IF(K7/E7>0.2,"Very aggressive","Plausible"))) -> Unrealistic
A8: 5 | B8: =EDATE(Settings!$B$11,4) -> 46296 | C8: =I7 -> 40270 | D8: =Settings!$B$5 -> 10000 | E8: =C8+D8 -> 50270 | F8: =SUMIFS('Trade Log'!$M:$M,'Trade Log'!$B:$B,TEXT(B8,"YYYY-MM")) -> 0 | G8: =IF(F8>=0,Settings!$B$6*F8,F8) -> 0 | H8: =IF(F8>=0,Settings!$B$7*F8,0) -> 0 | I8: =E8+G8 -> 50270 | J8: =J7+H8 -> 270 | K8: =Settings!$B$10 -> 100000 | L8: =IF(K8=0,"",F8/K8) -> 0 | M8: =IF(E8=0,"",K8/E8) -> 1.989258 | N8: =IF(E8=0,"",IF(K8/E8>1,"Unrealistic",IF(K8/E8>0.2,"Very aggressive","Plausible"))) -> Unrealistic
A9: 6 | B9: =EDATE(Settings!$B$11,5) -> 46327 | C9: =I8 -> 50270 | D9: =Settings!$B$5 -> 10000 | E9: =C9+D9 -> 60270 | F9: =SUMIFS('Trade Log'!$M:$M,'Trade Log'!$B:$B,TEXT(B9,"YYYY-MM")) -> 0 | G9: =IF(F9>=0,Settings!$B$6*F9,F9) -> 0 | H9: =IF(F9>=0,Settings!$B$7*F9,0) -> 0 | I9: =E9+G9 -> 60270 | J9: =J8+H9 -> 270 | K9: =Settings!$B$10 -> 100000 | L9: =IF(K9=0,"",F9/K9) -> 0 | M9: =IF(E9=0,"",K9/E9) -> 1.6592003 | N9: =IF(E9=0,"",IF(K9/E9>1,"Unrealistic",IF(K9/E9>0.2,"Very aggressive","Plausible"))) -> Unrealistic
B10: TOTAL | F10: =SUM(F4:F9) -> 540 | G10: =SUM(G4:G9) -> 270 | H10: =SUM(H4:H9) -> 270 | I10: =I9 -> 60270 | J10: =J9 -> 270
B12: Quick status
B13: Current tradable capital | E13: =I9 -> 60270
B14: Total secured (safe) to date | E14: =J9 -> 270
B15: Best month vs target | E15: =TEXT(MAX(L4:L9),"0.0%") -> 0.5%
B16: Latest month realized P/L | E16: =INDEX(F4:F9,MATCH(TRUE(),INDEX(F4:F9<>0,0),0)) -> 540

Sheet Reality Check
A1: Reality Check — what the ₱100k target actually requires
A3: A. Capital needed to earn ₱100,000 / month at a given monthly return
A4: Monthly return on capital | B4: Capital required for ₱100k/mo | C4: Read
A5: 0.05 | B5: =Settings!$B$10/A5 -> 2000000 | C5: Conservative
A6: 0.1 | B6: =Settings!$B$10/A6 -> 1000000 | C6: Strong
A7: 0.15 | B7: =Settings!$B$10/A7 -> 666666.67 | C7: Aggressive
A8: 0.2 | B8: =Settings!$B$10/A8 -> 500000 | C8: Very aggressive
A9: 0.3 | B9: =Settings!$B$10/A9 -> 333333.33 | C9: Extreme
A10: 0.5 | B10: =Settings!$B$10/A10 -> 200000 | C10: Lottery-tier
A13: B. Projected growth from contributions + 50% reinvested profit
A14: Assumed monthly return (edit): | C14: 0.15
A15: Month | B15: Deployed Capital ₱ | C15: Gross Profit ₱ | D15: Reinvested 50% ₱ | E15: End Tradable ₱ | F15: Monthly Profit vs ₱100k | G15: Secured cum- ₱
A16: 1 | B16: =Settings!$B$4+Settings!$B$5 -> 10000 | C16: =B16*$C$14 -> 1500 | D16: =Settings!$B$6*C16 -> 750 | E16: =B16+D16 -> 10750 | F16: =C16-Settings!$B$10 -> -98500 | G16: =Settings!$B$7*C16 -> 750
A17: 2 | B17: =E16+Settings!$B$5 -> 20750 | C17: =B17*$C$14 -> 3112.5 | D17: =Settings!$B$6*C17 -> 1556.25 | E17: =B17+D17 -> 22306.25 | F17: =C17-Settings!$B$10 -> -96887.5 | G17: =G16+Settings!$B$7*C17 -> 2306.25
A18: 3 | B18: =E17+Settings!$B$5 -> 32306.25 | C18: =B18*$C$14 -> 4845.9375 | D18: =Settings!$B$6*C18 -> 2422.9688 | E18: =B18+D18 -> 34729.219 | F18: =C18-Settings!$B$10 -> -95154.062 | G18: =G17+Settings!$B$7*C18 -> 4729.2188
A19: 4 | B19: =E18+Settings!$B$5 -> 44729.219 | C19: =B19*$C$14 -> 6709.3828 | D19: =Settings!$B$6*C19 -> 3354.6914 | E19: =B19+D19 -> 48083.91 | F19: =C19-Settings!$B$10 -> -93290.617 | G19: =G18+Settings!$B$7*C19 -> 8083.9102
A20: 5 | B20: =E19+Settings!$B$5 -> 58083.91 | C20: =B20*$C$14 -> 8712.5865 | D20: =Settings!$B$6*C20 -> 4356.2933 | E20: =B20+D20 -> 62440.203 | F20: =C20-Settings!$B$10 -> -91287.413 | G20: =G19+Settings!$B$7*C20 -> 12440.203
A21: 6 | B21: =E20+Settings!$B$5 -> 72440.203 | C21: =B21*$C$14 -> 10866.031 | D21: =Settings!$B$6*C21 -> 5433.0153 | E21: =B21+D21 -> 77873.219 | F21: =C21-Settings!$B$10 -> -89133.969 | G21: =G20+Settings!$B$7*C21 -> 17873.219
A23: C. Verdict
A24: =IF(C21>=Settings!$B$10,"At this return, the plan reaches ₱100k/month within 6 months.","At this return, month 6 profit is "&TEXT(C21,"₱#,##0")&" — short of ₱100k. To close the gap: raise starting capital, extend the horizon, or revise the target.") -> At this return, month 6 profit is ₱10,866 — short of ₱100k. To close the gap: raise starting capital, extend the horizon, or revise the target.
